column,description,unit,source,transformation,required_status,notes
period,TODO_VERIFY,TODO_VERIFY,TODO_VERIFY,TODO_VERIFY,supporting_or_derived,Generated scaffold; verify source/unit/description before citation.
Y_real,TODO_VERIFY,TODO_VERIFY,TODO_VERIFY,TODO_VERIFY,supporting_or_derived,Generated scaffold; verify source/unit/description before citation.
Y_nom,TODO_VERIFY,TODO_VERIFY,TODO_VERIFY,TODO_VERIFY,supporting_or_derived,Generated scaffold; verify source/unit/description before citation.
C_nom,TODO_VERIFY,TODO_VERIFY,TODO_VERIFY,TODO_VERIFY,supporting_or_derived,Generated scaffold; verify source/unit/description before citation.
I_nom,TODO_VERIFY,TODO_VERIFY,TODO_VERIFY,TODO_VERIFY,supporting_or_derived,Generated scaffold; verify source/unit/description before citation.
G_nom,TODO_VERIFY,TODO_VERIFY,TODO_VERIFY,TODO_VERIFY,supporting_or_derived,Generated scaffold; verify source/unit/description before citation.
NX_nom,TODO_VERIFY,TODO_VERIFY,TODO_VERIFY,TODO_VERIFY,supporting_or_derived,Generated scaffold; verify source/unit/description before citation.
HH_debt,TODO_VERIFY,TODO_VERIFY,TODO_VERIFY,TODO_VERIFY,supporting_or_derived,Generated scaffold; verify source/unit/description before citation.
Corp_debt,TODO_VERIFY,TODO_VERIFY,TODO_VERIFY,TODO_VERIFY,supporting_or_derived,Generated scaffold; verify source/unit/description before citation.
D_G_nom,TODO_VERIFY,TODO_VERIFY,TODO_VERIFY,TODO_VERIFY,supporting_or_derived,Generated scaffold; verify source/unit/description before citation.
D_G_Y,TODO_VERIFY,TODO_VERIFY,TODO_VERIFY,TODO_VERIFY,required_identity_anchor,Generated scaffold; verify source/unit/description before citation.
HH_debt_Y,TODO_VERIFY,TODO_VERIFY,TODO_VERIFY,TODO_VERIFY,supporting_or_derived,Generated scaffold; verify source/unit/description before citation.
Corp_debt_Y,TODO_VERIFY,TODO_VERIFY,TODO_VERIFY,TODO_VERIFY,supporting_or_derived,Generated scaffold; verify source/unit/description before citation.
CPI,TODO_VERIFY,TODO_VERIFY,TODO_VERIFY,TODO_VERIFY,supporting_or_derived,Generated scaffold; verify source/unit/description before citation.
PCE_deflator,TODO_VERIFY,TODO_VERIFY,TODO_VERIFY,TODO_VERIFY,supporting_or_derived,Generated scaffold; verify source/unit/description before citation.
House_price,TODO_VERIFY,TODO_VERIFY,TODO_VERIFY,TODO_VERIFY,supporting_or_derived,Generated scaffold; verify source/unit/description before citation.
Equity_price,TODO_VERIFY,TODO_VERIFY,TODO_VERIFY,TODO_VERIFY,supporting_or_derived,Generated scaffold; verify source/unit/description before citation.
U_rate,TODO_VERIFY,TODO_VERIFY,TODO_VERIFY,TODO_VERIFY,supporting_or_derived,Generated scaffold; verify source/unit/description before citation.
NAIRU,TODO_VERIFY,TODO_VERIFY,TODO_VERIFY,TODO_VERIFY,supporting_or_derived,Generated scaffold; verify source/unit/description before citation.
Y_gap_pct,TODO_VERIFY,TODO_VERIFY,TODO_VERIFY,TODO_VERIFY,supporting_or_derived,Generated scaffold; verify source/unit/description before citation.
r_short,TODO_VERIFY,TODO_VERIFY,TODO_VERIFY,TODO_VERIFY,supporting_or_derived,Generated scaffold; verify source/unit/description before citation.
r_long_10y,TODO_VERIFY,TODO_VERIFY,TODO_VERIFY,TODO_VERIFY,supporting_or_derived,Generated scaffold; verify source/unit/description before citation.
r_long_1y,TODO_VERIFY,TODO_VERIFY,TODO_VERIFY,TODO_VERIFY,supporting_or_derived,Generated scaffold; verify source/unit/description before citation.
r_long_2y,TODO_VERIFY,TODO_VERIFY,TODO_VERIFY,TODO_VERIFY,supporting_or_derived,Generated scaffold; verify source/unit/description before citation.
r_long_30y,TODO_VERIFY,TODO_VERIFY,TODO_VERIFY,TODO_VERIFY,supporting_or_derived,Generated scaffold; verify source/unit/description before citation.
AAA_yield,TODO_VERIFY,TODO_VERIFY,TODO_VERIFY,TODO_VERIFY,supporting_or_derived,Generated scaffold; verify source/unit/description before citation.
BAA_yield,TODO_VERIFY,TODO_VERIFY,TODO_VERIFY,TODO_VERIFY,supporting_or_derived,Generated scaffold; verify source/unit/description before citation.
HY_spread,TODO_VERIFY,TODO_VERIFY,TODO_VERIFY,TODO_VERIFY,supporting_or_derived,Generated scaffold; verify source/unit/description before citation.
Mortgage_rate,TODO_VERIFY,TODO_VERIFY,TODO_VERIFY,TODO_VERIFY,supporting_or_derived,Generated scaffold; verify source/unit/description before citation.
Tbills_3m,TODO_VERIFY,TODO_VERIFY,TODO_VERIFY,TODO_VERIFY,supporting_or_derived,Generated scaffold; verify source/unit/description before citation.
Dollar_index,TODO_VERIFY,TODO_VERIFY,TODO_VERIFY,TODO_VERIFY,supporting_or_derived,Generated scaffold; verify source/unit/description before citation.
Reserves,TODO_VERIFY,TODO_VERIFY,TODO_VERIFY,TODO_VERIFY,supporting_or_derived,Generated scaffold; verify source/unit/description before citation.
Fed_assets,TODO_VERIFY,TODO_VERIFY,TODO_VERIFY,TODO_VERIFY,supporting_or_derived,Generated scaffold; verify source/unit/description before citation.
log_Y_real,TODO_VERIFY,TODO_VERIFY,TODO_VERIFY,TODO_VERIFY,supporting_or_derived,Generated scaffold; verify source/unit/description before citation.
Y_real_g_annual_pct,TODO_VERIFY,TODO_VERIFY,TODO_VERIFY,TODO_VERIFY,supporting_or_derived,Generated scaffold; verify source/unit/description before citation.
log_Y_nom,TODO_VERIFY,TODO_VERIFY,TODO_VERIFY,TODO_VERIFY,supporting_or_derived,Generated scaffold; verify source/unit/description before citation.
Y_nom_g_annual_pct,TODO_VERIFY,TODO_VERIFY,TODO_VERIFY,TODO_VERIFY,supporting_or_derived,Generated scaffold; verify source/unit/description before citation.
log_C_nom,TODO_VERIFY,TODO_VERIFY,TODO_VERIFY,TODO_VERIFY,supporting_or_derived,Generated scaffold; verify source/unit/description before citation.
C_nom_g_annual_pct,TODO_VERIFY,TODO_VERIFY,TODO_VERIFY,TODO_VERIFY,supporting_or_derived,Generated scaffold; verify source/unit/description before citation.
log_I_nom,TODO_VERIFY,TODO_VERIFY,TODO_VERIFY,TODO_VERIFY,supporting_or_derived,Generated scaffold; verify source/unit/description before citation.
I_nom_g_annual_pct,TODO_VERIFY,TODO_VERIFY,TODO_VERIFY,TODO_VERIFY,supporting_or_derived,Generated scaffold; verify source/unit/description before citation.
log_G_nom,TODO_VERIFY,TODO_VERIFY,TODO_VERIFY,TODO_VERIFY,supporting_or_derived,Generated scaffold; verify source/unit/description before citation.
G_nom_g_annual_pct,TODO_VERIFY,TODO_VERIFY,TODO_VERIFY,TODO_VERIFY,supporting_or_derived,Generated scaffold; verify source/unit/description before citation.
log_HH_debt,TODO_VERIFY,TODO_VERIFY,TODO_VERIFY,TODO_VERIFY,supporting_or_derived,Generated scaffold; verify source/unit/description before citation.
HH_debt_g_annual_pct,TODO_VERIFY,TODO_VERIFY,TODO_VERIFY,TODO_VERIFY,supporting_or_derived,Generated scaffold; verify source/unit/description before citation.
log_Corp_debt,TODO_VERIFY,TODO_VERIFY,TODO_VERIFY,TODO_VERIFY,supporting_or_derived,Generated scaffold; verify source/unit/description before citation.
Corp_debt_g_annual_pct,TODO_VERIFY,TODO_VERIFY,TODO_VERIFY,TODO_VERIFY,supporting_or_derived,Generated scaffold; verify source/unit/description before citation.
log_D_G_nom,TODO_VERIFY,TODO_VERIFY,TODO_VERIFY,TODO_VERIFY,supporting_or_derived,Generated scaffold; verify source/unit/description before citation.
D_G_nom_g_annual_pct,TODO_VERIFY,TODO_VERIFY,TODO_VERIFY,TODO_VERIFY,supporting_or_derived,Generated scaffold; verify source/unit/description before citation.
log_Equity_price,TODO_VERIFY,TODO_VERIFY,TODO_VERIFY,TODO_VERIFY,supporting_or_derived,Generated scaffold; verify source/unit/description before citation.
Equity_price_g_annual_pct,TODO_VERIFY,TODO_VERIFY,TODO_VERIFY,TODO_VERIFY,supporting_or_derived,Generated scaffold; verify source/unit/description before citation.
C_share_Y,TODO_VERIFY,TODO_VERIFY,TODO_VERIFY,TODO_VERIFY,supporting_or_derived,Generated scaffold; verify source/unit/description before citation.
I_share_Y,TODO_VERIFY,TODO_VERIFY,TODO_VERIFY,TODO_VERIFY,supporting_or_derived,Generated scaffold; verify source/unit/description before citation.
G_share_Y,TODO_VERIFY,TODO_VERIFY,TODO_VERIFY,TODO_VERIFY,supporting_or_derived,Generated scaffold; verify source/unit/description before citation.
NX_share_Y,TODO_VERIFY,TODO_VERIFY,TODO_VERIFY,TODO_VERIFY,supporting_or_derived,Generated scaffold; verify source/unit/description before citation.
d_HH_debt_Y,TODO_VERIFY,TODO_VERIFY,TODO_VERIFY,TODO_VERIFY,supporting_or_derived,Generated scaffold; verify source/unit/description before citation.
d_Corp_debt_Y,TODO_VERIFY,TODO_VERIFY,TODO_VERIFY,TODO_VERIFY,supporting_or_derived,Generated scaffold; verify source/unit/description before citation.
d_D_G_Y,TODO_VERIFY,TODO_VERIFY,TODO_VERIFY,TODO_VERIFY,supporting_or_derived,Generated scaffold; verify source/unit/description before citation.
CPI_log,TODO_VERIFY,TODO_VERIFY,TODO_VERIFY,TODO_VERIFY,supporting_or_derived,Generated scaffold; verify source/unit/description before citation.
pi_CPI_annual_pct,TODO_VERIFY,TODO_VERIFY,TODO_VERIFY,TODO_VERIFY,supporting_or_derived,Generated scaffold; verify source/unit/description before citation.
r_short_real,TODO_VERIFY,TODO_VERIFY,TODO_VERIFY,TODO_VERIFY,supporting_or_derived,Generated scaffold; verify source/unit/description before citation.
r_long_10y_real,TODO_VERIFY,TODO_VERIFY,TODO_VERIFY,TODO_VERIFY,supporting_or_derived,Generated scaffold; verify source/unit/description before citation.
term_spread_10y_ff,TODO_VERIFY,TODO_VERIFY,TODO_VERIFY,TODO_VERIFY,supporting_or_derived,Generated scaffold; verify source/unit/description before citation.
BAA_minus_AAA,TODO_VERIFY,TODO_VERIFY,TODO_VERIFY,TODO_VERIFY,supporting_or_derived,Generated scaffold; verify source/unit/description before citation.
BAA_minus_10y,TODO_VERIFY,TODO_VERIFY,TODO_VERIFY,TODO_VERIFY,supporting_or_derived,Generated scaffold; verify source/unit/description before citation.
post_crisis,TODO_VERIFY,TODO_VERIFY,TODO_VERIFY,TODO_VERIFY,supporting_or_derived,Generated scaffold; verify source/unit/description before citation.
Fed_assets_Y,TODO_VERIFY,TODO_VERIFY,TODO_VERIFY,TODO_VERIFY,supporting_or_derived,Generated scaffold; verify source/unit/description before citation.
Corp_leverage,TODO_VERIFY,TODO_VERIFY,TODO_VERIFY,TODO_VERIFY,supporting_or_derived,Generated scaffold; verify source/unit/description before citation.
CA_level,TODO_VERIFY,TODO_VERIFY,TODO_VERIFY,TODO_VERIFY,supporting_or_derived,Generated scaffold; verify source/unit/description before citation.
NFA_level,TODO_VERIFY,TODO_VERIFY,TODO_VERIFY,TODO_VERIFY,supporting_or_derived,Generated scaffold; verify source/unit/description before citation.
CA_to_Y,TODO_VERIFY,TODO_VERIFY,TODO_VERIFY,TODO_VERIFY,supporting_or_derived,Generated scaffold; verify source/unit/description before citation.
NFA_to_Y,TODO_VERIFY,TODO_VERIFY,TODO_VERIFY,TODO_VERIFY,required_identity_anchor,Generated scaffold; verify source/unit/description before citation.
CA_bil,TODO_VERIFY,TODO_VERIFY,TODO_VERIFY,TODO_VERIFY,supporting_or_derived,Generated scaffold; verify source/unit/description before citation.
CA_to_Y_pct,TODO_VERIFY,TODO_VERIFY,TODO_VERIFY,TODO_VERIFY,supporting_or_derived,Generated scaffold; verify source/unit/description before citation.
NFA_to_Y_pct,TODO_VERIFY,TODO_VERIFY,TODO_VERIFY,TODO_VERIFY,supporting_or_derived,Generated scaffold; verify source/unit/description before citation.
FL895000005A_tot_credit_mkt_liab,TODO_VERIFY,TODO_VERIFY,TODO_VERIFY,TODO_VERIFY,supporting_or_derived,Generated scaffold; verify source/unit/description before citation.
FA835000905Q_net_lend_total_domestic,TODO_VERIFY,TODO_VERIFY,TODO_VERIFY,TODO_VERIFY,supporting_or_derived,Generated scaffold; verify source/unit/description before citation.
ADSLFAQ027S_net_lend_households,TODO_VERIFY,TODO_VERIFY,TODO_VERIFY,TODO_VERIFY,supporting_or_derived,Generated scaffold; verify source/unit/description before citation.
NETFI_net_lend_total_economy,TODO_VERIFY,TODO_VERIFY,TODO_VERIFY,TODO_VERIFY,supporting_or_derived,Generated scaffold; verify source/unit/description before citation.
RWLBACQ027S_net_lend_rest_of_world,TODO_VERIFY,TODO_VERIFY,TODO_VERIFY,TODO_VERIFY,supporting_or_derived,Generated scaffold; verify source/unit/description before citation.
Y_potential,TODO_VERIFY,TODO_VERIFY,TODO_VERIFY,TODO_VERIFY,supporting_or_derived,Generated scaffold; verify source/unit/description before citation.
GDP_deflator,TODO_VERIFY,TODO_VERIFY,TODO_VERIFY,TODO_VERIFY,supporting_or_derived,Generated scaffold; verify source/unit/description before citation.
EPOP,TODO_VERIFY,TODO_VERIFY,TODO_VERIFY,TODO_VERIFY,supporting_or_derived,Generated scaffold; verify source/unit/description before citation.
Core_PCE,TODO_VERIFY,TODO_VERIFY,TODO_VERIFY,TODO_VERIFY,supporting_or_derived,Generated scaffold; verify source/unit/description before citation.
M1,TODO_VERIFY,TODO_VERIFY,TODO_VERIFY,TODO_VERIFY,supporting_or_derived,Generated scaffold; verify source/unit/description before citation.
M2,TODO_VERIFY,TODO_VERIFY,TODO_VERIFY,TODO_VERIFY,supporting_or_derived,Generated scaffold; verify source/unit/description before citation.
D_G_GDP,TODO_VERIFY,TODO_VERIFY,TODO_VERIFY,TODO_VERIFY,supporting_or_derived,Generated scaffold; verify source/unit/description before citation.
FG_debt_nonfed,TODO_VERIFY,TODO_VERIFY,TODO_VERIFY,TODO_VERIFY,supporting_or_derived,Generated scaffold; verify source/unit/description before citation.
Bank_loans_commercial,TODO_VERIFY,TODO_VERIFY,TODO_VERIFY,TODO_VERIFY,supporting_or_derived,Generated scaffold; verify source/unit/description before citation.
Bank_loans_mortgage,TODO_VERIFY,TODO_VERIFY,TODO_VERIFY,TODO_VERIFY,supporting_or_derived,Generated scaffold; verify source/unit/description before citation.
Bank_loans_consumer,TODO_VERIFY,TODO_VERIFY,TODO_VERIFY,TODO_VERIFY,supporting_or_derived,Generated scaffold; verify source/unit/description before citation.
Bank_commercial_loans,TODO_VERIFY,TODO_VERIFY,TODO_VERIFY,TODO_VERIFY,supporting_or_derived,Generated scaffold; verify source/unit/description before citation.
Bank_mortgages,TODO_VERIFY,TODO_VERIFY,TODO_VERIFY,TODO_VERIFY,supporting_or_derived,Generated scaffold; verify source/unit/description before citation.
Bank_liabilities,TODO_VERIFY,TODO_VERIFY,TODO_VERIFY,TODO_VERIFY,supporting_or_derived,Generated scaffold; verify source/unit/description before citation.
Dividends,TODO_VERIFY,TODO_VERIFY,TODO_VERIFY,TODO_VERIFY,supporting_or_derived,Generated scaffold; verify source/unit/description before citation.
Y_nom_log,TODO_VERIFY,TODO_VERIFY,TODO_VERIFY,TODO_VERIFY,supporting_or_derived,Generated scaffold; verify source/unit/description before citation.
Y_real_log,TODO_VERIFY,TODO_VERIFY,TODO_VERIFY,TODO_VERIFY,supporting_or_derived,Generated scaffold; verify source/unit/description before citation.
U_gap,TODO_VERIFY,TODO_VERIFY,TODO_VERIFY,TODO_VERIFY,supporting_or_derived,Generated scaffold; verify source/unit/description before citation.
log_House_price,TODO_VERIFY,TODO_VERIFY,TODO_VERIFY,TODO_VERIFY,supporting_or_derived,Generated scaffold; verify source/unit/description before citation.
House_price_g_annual_pct,TODO_VERIFY,TODO_VERIFY,TODO_VERIFY,TODO_VERIFY,supporting_or_derived,Generated scaffold; verify source/unit/description before citation.
log_Reserves,TODO_VERIFY,TODO_VERIFY,TODO_VERIFY,TODO_VERIFY,supporting_or_derived,Generated scaffold; verify source/unit/description before citation.
Reserves_g_annual_pct,TODO_VERIFY,TODO_VERIFY,TODO_VERIFY,TODO_VERIFY,supporting_or_derived,Generated scaffold; verify source/unit/description before citation.
log_Fed_assets,TODO_VERIFY,TODO_VERIFY,TODO_VERIFY,TODO_VERIFY,supporting_or_derived,Generated scaffold; verify source/unit/description before citation.
Fed_assets_g_annual_pct,TODO_VERIFY,TODO_VERIFY,TODO_VERIFY,TODO_VERIFY,supporting_or_derived,Generated scaffold; verify source/unit/description before citation.
RBUSBIS,TODO_VERIFY,TODO_VERIFY,TODO_VERIFY,TODO_VERIFY,supporting_or_derived,Generated scaffold; verify source/unit/description before citation.
DRALACBN,TODO_VERIFY,TODO_VERIFY,TODO_VERIFY,TODO_VERIFY,supporting_or_derived,Generated scaffold; verify source/unit/description before citation.
NFCI,TODO_VERIFY,TODO_VERIFY,TODO_VERIFY,TODO_VERIFY,supporting_or_derived,Generated scaffold; verify source/unit/description before citation.
BAMLC0A0CM,TODO_VERIFY,TODO_VERIFY,TODO_VERIFY,TODO_VERIFY,supporting_or_derived,Generated scaffold; verify source/unit/description before citation.
IEABCPI,TODO_VERIFY,TODO_VERIFY,TODO_VERIFY,TODO_VERIFY,supporting_or_derived,Generated scaffold; verify source/unit/description before citation.
CIVPART,TODO_VERIFY,TODO_VERIFY,TODO_VERIFY,TODO_VERIFY,supporting_or_derived,Generated scaffold; verify source/unit/description before citation.
CE16OV,TODO_VERIFY,TODO_VERIFY,TODO_VERIFY,TODO_VERIFY,supporting_or_derived,Generated scaffold; verify source/unit/description before citation.
IMPGS,TODO_VERIFY,TODO_VERIFY,TODO_VERIFY,TODO_VERIFY,supporting_or_derived,Generated scaffold; verify source/unit/description before citation.
NETEXP,TODO_VERIFY,TODO_VERIFY,TODO_VERIFY,TODO_VERIFY,supporting_or_derived,Generated scaffold; verify source/unit/description before citation.
EXPGS,TODO_VERIFY,TODO_VERIFY,TODO_VERIFY,TODO_VERIFY,supporting_or_derived,Generated scaffold; verify source/unit/description before citation.
VIXCLS,TODO_VERIFY,TODO_VERIFY,TODO_VERIFY,TODO_VERIFY,supporting_or_derived,Generated scaffold; verify source/unit/description before citation.
IRLTLT01CAM156N,TODO_VERIFY,TODO_VERIFY,TODO_VERIFY,TODO_VERIFY,supporting_or_derived,Generated scaffold; verify source/unit/description before citation.
IRLTLT01GBM156N,TODO_VERIFY,TODO_VERIFY,TODO_VERIFY,TODO_VERIFY,supporting_or_derived,Generated scaffold; verify source/unit/description before citation.
IRLTLT01JPM156N,TODO_VERIFY,TODO_VERIFY,TODO_VERIFY,TODO_VERIFY,supporting_or_derived,Generated scaffold; verify source/unit/description before citation.
IRLTLT01DEM156N,TODO_VERIFY,TODO_VERIFY,TODO_VERIFY,TODO_VERIFY,supporting_or_derived,Generated scaffold; verify source/unit/description before citation.
DDSI02USA156NWDB,TODO_VERIFY,TODO_VERIFY,TODO_VERIFY,TODO_VERIFY,supporting_or_derived,Generated scaffold; verify source/unit/description before citation.
BOGZ1FL010000046Q,TODO_VERIFY,TODO_VERIFY,TODO_VERIFY,TODO_VERIFY,supporting_or_derived,Generated scaffold; verify source/unit/description before citation.
USEPUINDXD,TODO_VERIFY,TODO_VERIFY,TODO_VERIFY,TODO_VERIFY,supporting_or_derived,Generated scaffold; verify source/unit/description before citation.
NFCILEVERAGE,TODO_VERIFY,TODO_VERIFY,TODO_VERIFY,TODO_VERIFY,supporting_or_derived,Generated scaffold; verify source/unit/description before citation.
DRALACBS,TODO_VERIFY,TODO_VERIFY,TODO_VERIFY,TODO_VERIFY,supporting_or_derived,Generated scaffold; verify source/unit/description before citation.
DRCCLACBS,TODO_VERIFY,TODO_VERIFY,TODO_VERIFY,TODO_VERIFY,supporting_or_derived,Generated scaffold; verify source/unit/description before citation.
DRCLACBS,TODO_VERIFY,TODO_VERIFY,TODO_VERIFY,TODO_VERIFY,supporting_or_derived,Generated scaffold; verify source/unit/description before citation.
NPTLTL,TODO_VERIFY,TODO_VERIFY,TODO_VERIFY,TODO_VERIFY,supporting_or_derived,Generated scaffold; verify source/unit/description before citation.
RNUSBIS,TODO_VERIFY,TODO_VERIFY,TODO_VERIFY,TODO_VERIFY,supporting_or_derived,Generated scaffold; verify source/unit/description before citation.
NASDAQCOM,TODO_VERIFY,TODO_VERIFY,TODO_VERIFY,TODO_VERIFY,supporting_or_derived,Generated scaffold; verify source/unit/description before citation.
BOGZ1FL073164003Q,TODO_VERIFY,TODO_VERIFY,TODO_VERIFY,TODO_VERIFY,supporting_or_derived,Generated scaffold; verify source/unit/description before citation.
BOGZ1FL073164013Q,TODO_VERIFY,TODO_VERIFY,TODO_VERIFY,TODO_VERIFY,supporting_or_derived,Generated scaffold; verify source/unit/description before citation.
CPALTT01USM657N,TODO_VERIFY,TODO_VERIFY,TODO_VERIFY,TODO_VERIFY,supporting_or_derived,Generated scaffold; verify source/unit/description before citation.
CPIAUCSL,TODO_VERIFY,TODO_VERIFY,TODO_VERIFY,TODO_VERIFY,supporting_or_derived,Generated scaffold; verify source/unit/description before citation.
PCEPI,TODO_VERIFY,TODO_VERIFY,TODO_VERIFY,TODO_VERIFY,supporting_or_derived,Generated scaffold; verify source/unit/description before citation.
NFCI_z,TODO_VERIFY,TODO_VERIFY,TODO_VERIFY,TODO_VERIFY,supporting_or_derived,Generated scaffold; verify source/unit/description before citation.
RBUSBIS_z,TODO_VERIFY,TODO_VERIFY,TODO_VERIFY,TODO_VERIFY,supporting_or_derived,Generated scaffold; verify source/unit/description before citation.
log_CPI,TODO_VERIFY,TODO_VERIFY,TODO_VERIFY,TODO_VERIFY,supporting_or_derived,Generated scaffold; verify source/unit/description before citation.
pi_CPI,TODO_VERIFY,TODO_VERIFY,TODO_VERIFY,TODO_VERIFY,supporting_or_derived,Generated scaffold; verify source/unit/description before citation.
log_PCE,TODO_VERIFY,TODO_VERIFY,TODO_VERIFY,TODO_VERIFY,supporting_or_derived,Generated scaffold; verify source/unit/description before citation.
pi_PCE,TODO_VERIFY,TODO_VERIFY,TODO_VERIFY,TODO_VERIFY,supporting_or_derived,Generated scaffold; verify source/unit/description before citation.
log_NASDAQ,TODO_VERIFY,TODO_VERIFY,TODO_VERIFY,TODO_VERIFY,supporting_or_derived,Generated scaffold; verify source/unit/description before citation.
equity_gap,TODO_VERIFY,TODO_VERIFY,TODO_VERIFY,TODO_VERIFY,supporting_or_derived,Generated scaffold; verify source/unit/description before citation.
log_RNUSBIS,TODO_VERIFY,TODO_VERIFY,TODO_VERIFY,TODO_VERIFY,supporting_or_derived,Generated scaffold; verify source/unit/description before citation.
reer_gap,TODO_VERIFY,TODO_VERIFY,TODO_VERIFY,TODO_VERIFY,supporting_or_derived,Generated scaffold; verify source/unit/description before citation.
House_price_gap,TODO_VERIFY,TODO_VERIFY,TODO_VERIFY,TODO_VERIFY,supporting_or_derived,Generated scaffold; verify source/unit/description before citation.
F_index,TODO_VERIFY,TODO_VERIFY,TODO_VERIFY,TODO_VERIFY,supporting_or_derived,Generated scaffold; verify source/unit/description before citation.
Y_gap_hp,TODO_VERIFY,TODO_VERIFY,TODO_VERIFY,TODO_VERIFY,supporting_or_derived,Generated scaffold; verify source/unit/description before citation.
Y_gap_trend,TODO_VERIFY,TODO_VERIFY,TODO_VERIFY,TODO_VERIFY,supporting_or_derived,Generated scaffold; verify source/unit/description before citation.
U_gap_hp,TODO_VERIFY,TODO_VERIFY,TODO_VERIFY,TODO_VERIFY,supporting_or_derived,Generated scaffold; verify source/unit/description before citation.
U_gap_trend,TODO_VERIFY,TODO_VERIFY,TODO_VERIFY,TODO_VERIFY,supporting_or_derived,Generated scaffold; verify source/unit/description before citation.
EPOP_gap_hp,TODO_VERIFY,TODO_VERIFY,TODO_VERIFY,TODO_VERIFY,supporting_or_derived,Generated scaffold; verify source/unit/description before citation.
EPOP_gap_trend,TODO_VERIFY,TODO_VERIFY,TODO_VERIFY,TODO_VERIFY,supporting_or_derived,Generated scaffold; verify source/unit/description before citation.
eps_Y_demand,TODO_VERIFY,TODO_VERIFY,TODO_VERIFY,TODO_VERIFY,supporting_or_derived,Generated scaffold; verify source/unit/description before citation.
NX_Y,TODO_VERIFY,TODO_VERIFY,TODO_VERIFY,TODO_VERIFY,required_identity_anchor,Generated scaffold; verify source/unit/description before citation.
eps_NX_external,TODO_VERIFY,TODO_VERIFY,TODO_VERIFY,TODO_VERIFY,supporting_or_derived,Generated scaffold; verify source/unit/description before citation.
eps_U_labour,TODO_VERIFY,TODO_VERIFY,TODO_VERIFY,TODO_VERIFY,supporting_or_derived,Generated scaffold; verify source/unit/description before citation.
eps_S_fragility,TODO_VERIFY,TODO_VERIFY,TODO_VERIFY,TODO_VERIFY,supporting_or_derived,Generated scaffold; verify source/unit/description before citation.
hp_gap,TODO_VERIFY,TODO_VERIFY,TODO_VERIFY,TODO_VERIFY,supporting_or_derived,Generated scaffold; verify source/unit/description before citation.
hp_gap_lag,TODO_VERIFY,TODO_VERIFY,TODO_VERIFY,TODO_VERIFY,supporting_or_derived,Generated scaffold; verify source/unit/description before citation.
d_hp_gap,TODO_VERIFY,TODO_VERIFY,TODO_VERIFY,TODO_VERIFY,supporting_or_derived,Generated scaffold; verify source/unit/description before citation.
spread,TODO_VERIFY,TODO_VERIFY,TODO_VERIFY,TODO_VERIFY,supporting_or_derived,Generated scaffold; verify source/unit/description before citation.
spread_lag,TODO_VERIFY,TODO_VERIFY,TODO_VERIFY,TODO_VERIFY,supporting_or_derived,Generated scaffold; verify source/unit/description before citation.
d_spread,TODO_VERIFY,TODO_VERIFY,TODO_VERIFY,TODO_VERIFY,supporting_or_derived,Generated scaffold; verify source/unit/description before citation.
equity_gap_lag,TODO_VERIFY,TODO_VERIFY,TODO_VERIFY,TODO_VERIFY,supporting_or_derived,Generated scaffold; verify source/unit/description before citation.
d_equity_gap,TODO_VERIFY,TODO_VERIFY,TODO_VERIFY,TODO_VERIFY,supporting_or_derived,Generated scaffold; verify source/unit/description before citation.
F_index_lag,TODO_VERIFY,TODO_VERIFY,TODO_VERIFY,TODO_VERIFY,supporting_or_derived,Generated scaffold; verify source/unit/description before citation.
d_F_index,TODO_VERIFY,TODO_VERIFY,TODO_VERIFY,TODO_VERIFY,supporting_or_derived,Generated scaffold; verify source/unit/description before citation.
r_long_trend,TODO_VERIFY,TODO_VERIFY,TODO_VERIFY,TODO_VERIFY,supporting_or_derived,Generated scaffold; verify source/unit/description before citation.
r_long_cycle,TODO_VERIFY,TODO_VERIFY,TODO_VERIFY,TODO_VERIFY,supporting_or_derived,Generated scaffold; verify source/unit/description before citation.
NDFFRIW027SBOG,TODO_VERIFY,TODO_VERIFY,TODO_VERIFY,TODO_VERIFY,supporting_or_derived,Generated scaffold; verify source/unit/description before citation.
ROWFDNQ027S,TODO_VERIFY,TODO_VERIFY,TODO_VERIFY,TODO_VERIFY,supporting_or_derived,Generated scaffold; verify source/unit/description before citation.
BOGZ1FL263092141Q,TODO_VERIFY,TODO_VERIFY,TODO_VERIFY,TODO_VERIFY,supporting_or_derived,Generated scaffold; verify source/unit/description before citation.
ROWFDIQ027S,TODO_VERIFY,TODO_VERIFY,TODO_VERIFY,TODO_VERIFY,supporting_or_derived,Generated scaffold; verify source/unit/description before citation.
IC4WSA,TODO_VERIFY,TODO_VERIFY,TODO_VERIFY,TODO_VERIFY,supporting_or_derived,Generated scaffold; verify source/unit/description before citation.
B1187C1A027NBEA,TODO_VERIFY,TODO_VERIFY,TODO_VERIFY,TODO_VERIFY,supporting_or_derived,Generated scaffold; verify source/unit/description before citation.
BOGZ1FL663063005Q,TODO_VERIFY,TODO_VERIFY,TODO_VERIFY,TODO_VERIFY,supporting_or_derived,Generated scaffold; verify source/unit/description before citation.
DDDI06USA156NWDB,TODO_VERIFY,TODO_VERIFY,TODO_VERIFY,TODO_VERIFY,supporting_or_derived,Generated scaffold; verify source/unit/description before citation.
WSHOFADSL,TODO_VERIFY,TODO_VERIFY,TODO_VERIFY,TODO_VERIFY,supporting_or_derived,Generated scaffold; verify source/unit/description before citation.
WSHOTSA,TODO_VERIFY,TODO_VERIFY,TODO_VERIFY,TODO_VERIFY,supporting_or_derived,Generated scaffold; verify source/unit/description before citation.
TREAST,TODO_VERIFY,TODO_VERIFY,TODO_VERIFY,TODO_VERIFY,supporting_or_derived,Generated scaffold; verify source/unit/description before citation.
WSHOMCB,TODO_VERIFY,TODO_VERIFY,TODO_VERIFY,TODO_VERIFY,supporting_or_derived,Generated scaffold; verify source/unit/description before citation.
WALCL,TODO_VERIFY,TODO_VERIFY,TODO_VERIFY,TODO_VERIFY,supporting_or_derived,Generated scaffold; verify source/unit/description before citation.
RESPPANWW,TODO_VERIFY,TODO_VERIFY,TODO_VERIFY,TODO_VERIFY,supporting_or_derived,Generated scaffold; verify source/unit/description before citation.
CB_assets_Y,TODO_VERIFY,TODO_VERIFY,TODO_VERIFY,TODO_VERIFY,supporting_or_derived,Generated scaffold; verify source/unit/description before citation.
CB_treasuries_Y,TODO_VERIFY,TODO_VERIFY,TODO_VERIFY,TODO_VERIFY,supporting_or_derived,Generated scaffold; verify source/unit/description before citation.
CB_mbs_Y,TODO_VERIFY,TODO_VERIFY,TODO_VERIFY,TODO_VERIFY,supporting_or_derived,Generated scaffold; verify source/unit/description before citation.
CA_nom_proxy,TODO_VERIFY,TODO_VERIFY,TODO_VERIFY,TODO_VERIFY,supporting_or_derived,Generated scaffold; verify source/unit/description before citation.
CA_Y_proxy,TODO_VERIFY,TODO_VERIFY,TODO_VERIFY,TODO_VERIFY,supporting_or_derived,Generated scaffold; verify source/unit/description before citation.
NFA_from_CA,TODO_VERIFY,TODO_VERIFY,TODO_VERIFY,TODO_VERIFY,supporting_or_derived,Generated scaffold; verify source/unit/description before citation.
House_real,TODO_VERIFY,TODO_VERIFY,TODO_VERIFY,TODO_VERIFY,supporting_or_derived,Generated scaffold; verify source/unit/description before citation.
Equity_real,TODO_VERIFY,TODO_VERIFY,TODO_VERIFY,TODO_VERIFY,supporting_or_derived,Generated scaffold; verify source/unit/description before citation.
log_House_real,TODO_VERIFY,TODO_VERIFY,TODO_VERIFY,TODO_VERIFY,supporting_or_derived,Generated scaffold; verify source/unit/description before citation.
log_Equity_real,TODO_VERIFY,TODO_VERIFY,TODO_VERIFY,TODO_VERIFY,supporting_or_derived,Generated scaffold; verify source/unit/description before citation.
Equity_price_gap,TODO_VERIFY,TODO_VERIFY,TODO_VERIFY,TODO_VERIFY,supporting_or_derived,Generated scaffold; verify source/unit/description before citation.
TENEXPCHAINFRISPRE,TODO_VERIFY,TODO_VERIFY,TODO_VERIFY,TODO_VERIFY,supporting_or_derived,Generated scaffold; verify source/unit/description before citation.
DGS1,TODO_VERIFY,TODO_VERIFY,TODO_VERIFY,TODO_VERIFY,supporting_or_derived,Generated scaffold; verify source/unit/description before citation.
T10Y3M,TODO_VERIFY,TODO_VERIFY,TODO_VERIFY,TODO_VERIFY,supporting_or_derived,Generated scaffold; verify source/unit/description before citation.
THREEFYTP10,TODO_VERIFY,TODO_VERIFY,TODO_VERIFY,TODO_VERIFY,supporting_or_derived,Generated scaffold; verify source/unit/description before citation.
BOGZ1FL664090005Q,TODO_VERIFY,TODO_VERIFY,TODO_VERIFY,TODO_VERIFY,supporting_or_derived,Generated scaffold; verify source/unit/description before citation.
BOGZ1FL665080003Q,TODO_VERIFY,TODO_VERIFY,TODO_VERIFY,TODO_VERIFY,supporting_or_derived,Generated scaffold; verify source/unit/description before citation.
BOGZ1FL664090663Q,TODO_VERIFY,TODO_VERIFY,TODO_VERIFY,TODO_VERIFY,supporting_or_derived,Generated scaffold; verify source/unit/description before citation.
RKNANPUSA666NRUG,TODO_VERIFY,TODO_VERIFY,TODO_VERIFY,TODO_VERIFY,supporting_or_derived,Generated scaffold; verify source/unit/description before citation.
PIRIC,TODO_VERIFY,TODO_VERIFY,TODO_VERIFY,TODO_VERIFY,supporting_or_derived,Generated scaffold; verify source/unit/description before citation.
INVDEF,TODO_VERIFY,TODO_VERIFY,TODO_VERIFY,TODO_VERIFY,supporting_or_derived,Generated scaffold; verify source/unit/description before citation.
A011RL1Q225SBEA,TODO_VERIFY,TODO_VERIFY,TODO_VERIFY,TODO_VERIFY,supporting_or_derived,Generated scaffold; verify source/unit/description before citation.
A011RL1Q225SBEA_qoq_pct,TODO_VERIFY,TODO_VERIFY,TODO_VERIFY,TODO_VERIFY,supporting_or_derived,Generated scaffold; verify source/unit/description before citation.
PNFIC1,TODO_VERIFY,TODO_VERIFY,TODO_VERIFY,TODO_VERIFY,supporting_or_derived,Generated scaffold; verify source/unit/description before citation.
GPDIC1,TODO_VERIFY,TODO_VERIFY,TODO_VERIFY,TODO_VERIFY,supporting_or_derived,Generated scaffold; verify source/unit/description before citation.
AVHWPEUSA065NRUG,TODO_VERIFY,TODO_VERIFY,TODO_VERIFY,TODO_VERIFY,supporting_or_derived,Generated scaffold; verify source/unit/description before citation.
HOANBS,TODO_VERIFY,TODO_VERIFY,TODO_VERIFY,TODO_VERIFY,supporting_or_derived,Generated scaffold; verify source/unit/description before citation.
PRS84006032,TODO_VERIFY,TODO_VERIFY,TODO_VERIFY,TODO_VERIFY,supporting_or_derived,Generated scaffold; verify source/unit/description before citation.
AWHAETP,TODO_VERIFY,TODO_VERIFY,TODO_VERIFY,TODO_VERIFY,supporting_or_derived,Generated scaffold; verify source/unit/description before citation.
AWHAE,TODO_VERIFY,TODO_VERIFY,TODO_VERIFY,TODO_VERIFY,supporting_or_derived,Generated scaffold; verify source/unit/description before citation.
LNU02032194,TODO_VERIFY,TODO_VERIFY,TODO_VERIFY,TODO_VERIFY,supporting_or_derived,Generated scaffold; verify source/unit/description before citation.
LNS12500000,TODO_VERIFY,TODO_VERIFY,TODO_VERIFY,TODO_VERIFY,supporting_or_derived,Generated scaffold; verify source/unit/description before citation.
PAYEMS,TODO_VERIFY,TODO_VERIFY,TODO_VERIFY,TODO_VERIFY,supporting_or_derived,Generated scaffold; verify source/unit/description before citation.
COMPNFB,TODO_VERIFY,TODO_VERIFY,TODO_VERIFY,TODO_VERIFY,supporting_or_derived,Generated scaffold; verify source/unit/description before citation.
ULCNFB,TODO_VERIFY,TODO_VERIFY,TODO_VERIFY,TODO_VERIFY,supporting_or_derived,Generated scaffold; verify source/unit/description before citation.
log_ULCNFB,TODO_VERIFY,TODO_VERIFY,TODO_VERIFY,TODO_VERIFY,supporting_or_derived,Generated scaffold; verify source/unit/description before citation.
mc_hat_ulc,TODO_VERIFY,TODO_VERIFY,TODO_VERIFY,TODO_VERIFY,supporting_or_derived,Generated scaffold; verify source/unit/description before citation.
hours_proxy,TODO_VERIFY,TODO_VERIFY,TODO_VERIFY,TODO_VERIFY,supporting_or_derived,Generated scaffold; verify source/unit/description before citation.
log_hours_proxy,TODO_VERIFY,TODO_VERIFY,TODO_VERIFY,TODO_VERIFY,supporting_or_derived,Generated scaffold; verify source/unit/description before citation.
hours_gap,TODO_VERIFY,TODO_VERIFY,TODO_VERIFY,TODO_VERIFY,supporting_or_derived,Generated scaffold; verify source/unit/description before citation.
PNFIC1_real_proxy,TODO_VERIFY,TODO_VERIFY,TODO_VERIFY,TODO_VERIFY,supporting_or_derived,Generated scaffold; verify source/unit/description before citation.
log_PNFIC1_real_proxy,TODO_VERIFY,TODO_VERIFY,TODO_VERIFY,TODO_VERIFY,supporting_or_derived,Generated scaffold; verify source/unit/description before citation.
UNRATE,TODO_VERIFY,TODO_VERIFY,TODO_VERIFY,TODO_VERIFY,supporting_or_derived,Generated scaffold; verify source/unit/description before citation.
GDPC1,TODO_VERIFY,TODO_VERIFY,TODO_VERIFY,TODO_VERIFY,supporting_or_derived,Generated scaffold; verify source/unit/description before citation.
GDPPOT,TODO_VERIFY,TODO_VERIFY,TODO_VERIFY,TODO_VERIFY,supporting_or_derived,Generated scaffold; verify source/unit/description before citation.
EFFR,TODO_VERIFY,TODO_VERIFY,TODO_VERIFY,TODO_VERIFY,supporting_or_derived,Generated scaffold; verify source/unit/description before citation.
FEDFUNDS,TODO_VERIFY,TODO_VERIFY,TODO_VERIFY,TODO_VERIFY,supporting_or_derived,Generated scaffold; verify source/unit/description before citation.
GS10,TODO_VERIFY,TODO_VERIFY,TODO_VERIFY,TODO_VERIFY,supporting_or_derived,Generated scaffold; verify source/unit/description before citation.
BAMLH0A0HYM2,TODO_VERIFY,TODO_VERIFY,TODO_VERIFY,TODO_VERIFY,supporting_or_derived,Generated scaffold; verify source/unit/description before citation.
GDP,TODO_VERIFY,TODO_VERIFY,TODO_VERIFY,TODO_VERIFY,supporting_or_derived,Generated scaffold; verify source/unit/description before citation.
A091RC1Q027SBEA,TODO_VERIFY,TODO_VERIFY,TODO_VERIFY,TODO_VERIFY,supporting_or_derived,Generated scaffold; verify source/unit/description before citation.
M318501Q027NBEA,TODO_VERIFY,TODO_VERIFY,TODO_VERIFY,TODO_VERIFY,supporting_or_derived,Generated scaffold; verify source/unit/description before citation.
MTSO133FMS,TODO_VERIFY,TODO_VERIFY,TODO_VERIFY,TODO_VERIFY,supporting_or_derived,Generated scaffold; verify source/unit/description before citation.
GFDEGDQ188S,TODO_VERIFY,TODO_VERIFY,TODO_VERIFY,TODO_VERIFY,supporting_or_derived,Generated scaffold; verify source/unit/description before citation.
logY_real,TODO_VERIFY,TODO_VERIFY,TODO_VERIFY,TODO_VERIFY,supporting_or_derived,Generated scaffold; verify source/unit/description before citation.
term_spread,TODO_VERIFY,TODO_VERIFY,TODO_VERIFY,TODO_VERIFY,supporting_or_derived,Generated scaffold; verify source/unit/description before citation.
HY_OAS,TODO_VERIFY,TODO_VERIFY,TODO_VERIFY,TODO_VERIFY,supporting_or_derived,Generated scaffold; verify source/unit/description before citation.
PB_q,TODO_VERIFY,TODO_VERIFY,TODO_VERIFY,TODO_VERIFY,supporting_or_derived,Generated scaffold; verify source/unit/description before citation.
PB_Y_q,TODO_VERIFY,TODO_VERIFY,TODO_VERIFY,TODO_VERIFY,supporting_or_derived,Generated scaffold; verify source/unit/description before citation.
Debt_GDP_pct,TODO_VERIFY,TODO_VERIFY,TODO_VERIFY,TODO_VERIFY,supporting_or_derived,Generated scaffold; verify source/unit/description before citation.
y_gap_pct,TODO_VERIFY,TODO_VERIFY,TODO_VERIFY,TODO_VERIFY,supporting_or_derived,Generated scaffold; verify source/unit/description before citation.
term,TODO_VERIFY,TODO_VERIFY,TODO_VERIFY,TODO_VERIFY,supporting_or_derived,Generated scaffold; verify source/unit/description before citation.
hy_oas,TODO_VERIFY,TODO_VERIFY,TODO_VERIFY,TODO_VERIFY,supporting_or_derived,Generated scaffold; verify source/unit/description before citation.
nfci,TODO_VERIFY,TODO_VERIFY,TODO_VERIFY,TODO_VERIFY,supporting_or_derived,Generated scaffold; verify source/unit/description before citation.
vix,TODO_VERIFY,TODO_VERIFY,TODO_VERIFY,TODO_VERIFY,supporting_or_derived,Generated scaffold; verify source/unit/description before citation.
cb_assets_Y,TODO_VERIFY,TODO_VERIFY,TODO_VERIFY,TODO_VERIFY,required_identity_anchor,Generated scaffold; verify source/unit/description before citation.
debt_Y,TODO_VERIFY,TODO_VERIFY,TODO_VERIFY,TODO_VERIFY,supporting_or_derived,Generated scaffold; verify source/unit/description before citation.
pb_Y,TODO_VERIFY,TODO_VERIFY,TODO_VERIFY,TODO_VERIFY,supporting_or_derived,Generated scaffold; verify source/unit/description before citation.
y_gap,TODO_VERIFY,TODO_VERIFY,TODO_VERIFY,TODO_VERIFY,supporting_or_derived,Generated scaffold; verify source/unit/description before citation.
U,TODO_VERIFY,TODO_VERIFY,TODO_VERIFY,TODO_VERIFY,supporting_or_derived,Generated scaffold; verify source/unit/description before citation.
rS,TODO_VERIFY,TODO_VERIFY,TODO_VERIFY,TODO_VERIFY,supporting_or_derived,Generated scaffold; verify source/unit/description before citation.
rL,TODO_VERIFY,TODO_VERIFY,TODO_VERIFY,TODO_VERIFY,supporting_or_derived,Generated scaffold; verify source/unit/description before citation.
pb,TODO_VERIFY,TODO_VERIFY,TODO_VERIFY,TODO_VERIFY,supporting_or_derived,Generated scaffold; verify source/unit/description before citation.
DG,TODO_VERIFY,TODO_VERIFY,TODO_VERIFY,TODO_VERIFY,supporting_or_derived,Generated scaffold; verify source/unit/description before citation.
cb_assets,TODO_VERIFY,TODO_VERIFY,TODO_VERIFY,TODO_VERIFY,supporting_or_derived,Generated scaffold; verify source/unit/description before citation.
pi,TODO_VERIFY,TODO_VERIFY,TODO_VERIFY,TODO_VERIFY,supporting_or_derived,Generated scaffold; verify source/unit/description before citation.
qe_gap12,TODO_VERIFY,TODO_VERIFY,TODO_VERIFY,TODO_VERIFY,supporting_or_derived,Generated scaffold; verify source/unit/description before citation.
logY_obs__sc,TODO_VERIFY,TODO_VERIFY,TODO_VERIFY,TODO_VERIFY,required_observable,Generated scaffold; verify source/unit/description before citation.
y_gap_obs__sc,TODO_VERIFY,TODO_VERIFY,TODO_VERIFY,TODO_VERIFY,required_observable,Generated scaffold; verify source/unit/description before citation.
U_obs__sc,TODO_VERIFY,TODO_VERIFY,TODO_VERIFY,TODO_VERIFY,required_observable,Generated scaffold; verify source/unit/description before citation.
rS_obs__sc,TODO_VERIFY,TODO_VERIFY,TODO_VERIFY,TODO_VERIFY,required_observable,Generated scaffold; verify source/unit/description before citation.
term_obs__sc,TODO_VERIFY,TODO_VERIFY,TODO_VERIFY,TODO_VERIFY,required_observable,Generated scaffold; verify source/unit/description before citation.
vix_obs__sc,TODO_VERIFY,TODO_VERIFY,TODO_VERIFY,TODO_VERIFY,required_observable,Generated scaffold; verify source/unit/description before citation.
nfci_obs__sc,TODO_VERIFY,TODO_VERIFY,TODO_VERIFY,TODO_VERIFY,required_observable,Generated scaffold; verify source/unit/description before citation.
debt_obs__sc,TODO_VERIFY,TODO_VERIFY,TODO_VERIFY,TODO_VERIFY,required_observable,Generated scaffold; verify source/unit/description before citation.
C_share_Y__recon_nominal,TODO_VERIFY,TODO_VERIFY,TODO_VERIFY,TODO_VERIFY,supporting_or_derived,Generated scaffold; verify source/unit/description before citation.
I_share_Y__recon_nominal,TODO_VERIFY,TODO_VERIFY,TODO_VERIFY,TODO_VERIFY,supporting_or_derived,Generated scaffold; verify source/unit/description before citation.
G_share_Y__recon_nominal,TODO_VERIFY,TODO_VERIFY,TODO_VERIFY,TODO_VERIFY,supporting_or_derived,Generated scaffold; verify source/unit/description before citation.
NX_share_Y__recon_nominal,TODO_VERIFY,TODO_VERIFY,TODO_VERIFY,TODO_VERIFY,supporting_or_derived,Generated scaffold; verify source/unit/description before citation.
eps_Y_demand__nominal,TODO_VERIFY,TODO_VERIFY,TODO_VERIFY,TODO_VERIFY,supporting_or_derived,Generated scaffold; verify source/unit/description before citation.
pi_obs__sc_R,TODO_VERIFY,TODO_VERIFY,TODO_VERIFY,TODO_VERIFY,supporting_or_derived,Generated scaffold; verify source/unit/description before citation.
pb_obs__sc_R,TODO_VERIFY,TODO_VERIFY,TODO_VERIFY,TODO_VERIFY,supporting_or_derived,Generated scaffold; verify source/unit/description before citation.
cb_assets_obs__sc_R,TODO_VERIFY,TODO_VERIFY,TODO_VERIFY,TODO_VERIFY,supporting_or_derived,Generated scaffold; verify source/unit/description before citation.
hy_oas_obs__sc_R,TODO_VERIFY,TODO_VERIFY,TODO_VERIFY,TODO_VERIFY,supporting_or_derived,Generated scaffold; verify source/unit/description before citation.
nfa_y_obs__sc_R,TODO_VERIFY,TODO_VERIFY,TODO_VERIFY,TODO_VERIFY,supporting_or_derived,Generated scaffold; verify source/unit/description before citation.
nxY_obs__sc_R,TODO_VERIFY,TODO_VERIFY,TODO_VERIFY,TODO_VERIFY,supporting_or_derived,Generated scaffold; verify source/unit/description before citation.
fx_level,TODO_VERIFY,TODO_VERIFY,TODO_VERIFY,TODO_VERIFY,supporting_or_derived,Generated scaffold; verify source/unit/description before citation.
foreign_cpi,TODO_VERIFY,TODO_VERIFY,TODO_VERIFY,TODO_VERIFY,supporting_or_derived,Generated scaffold; verify source/unit/description before citation.
reer,TODO_VERIFY,TODO_VERIFY,TODO_VERIFY,TODO_VERIFY,supporting_or_derived,Generated scaffold; verify source/unit/description before citation.
credit_spread_alt,TODO_VERIFY,TODO_VERIFY,TODO_VERIFY,TODO_VERIFY,supporting_or_derived,Generated scaffold; verify source/unit/description before citation.
pi_obs__sc,TODO_VERIFY,TODO_VERIFY,TODO_VERIFY,TODO_VERIFY,required_observable,Generated scaffold; verify source/unit/description before citation.
pb_obs__sc,TODO_VERIFY,TODO_VERIFY,TODO_VERIFY,TODO_VERIFY,required_observable,Generated scaffold; verify source/unit/description before citation.
cb_assets_obs__sc,TODO_VERIFY,TODO_VERIFY,TODO_VERIFY,TODO_VERIFY,required_observable,Generated scaffold; verify source/unit/description before citation.
hy_oas_obs__sc,TODO_VERIFY,TODO_VERIFY,TODO_VERIFY,TODO_VERIFY,required_observable,Generated scaffold; verify source/unit/description before citation.
nfa_y_obs__sc,TODO_VERIFY,TODO_VERIFY,TODO_VERIFY,TODO_VERIFY,required_observable,Generated scaffold; verify source/unit/description before citation.
nxY_obs__sc,TODO_VERIFY,TODO_VERIFY,TODO_VERIFY,TODO_VERIFY,required_observable,Generated scaffold; verify source/unit/description before citation.
EMRATIO,TODO_VERIFY,TODO_VERIFY,TODO_VERIFY,TODO_VERIFY,supporting_or_derived,Generated scaffold; verify source/unit/description before citation.
GDPDEF,TODO_VERIFY,TODO_VERIFY,TODO_VERIFY,TODO_VERIFY,supporting_or_derived,Generated scaffold; verify source/unit/description before citation.
FGRECPT,TODO_VERIFY,TODO_VERIFY,TODO_VERIFY,TODO_VERIFY,supporting_or_derived,Generated scaffold; verify source/unit/description before citation.
FGEXPND,TODO_VERIFY,TODO_VERIFY,TODO_VERIFY,TODO_VERIFY,supporting_or_derived,Generated scaffold; verify source/unit/description before citation.
PB,TODO_VERIFY,TODO_VERIFY,TODO_VERIFY,TODO_VERIFY,supporting_or_derived,Generated scaffold; verify source/unit/description before citation.
PB_GDP,TODO_VERIFY,TODO_VERIFY,TODO_VERIFY,TODO_VERIFY,required_identity_anchor,Generated scaffold; verify source/unit/description before citation.
